{
    "source_dir": "outputs/sds",
    "outputs/sds/A_burger_on_the_table.png": 0.29457545280456543,
    "outputs/sds/a_cat_sitting_on_a_table.png": 0.2914974093437195,
    "outputs/sds/A_church_beside_a_lake.png": 0.3345639109611511,
    "outputs/sds/A_red_bus_driving_on_a_desert_road.png": 0.3519856929779053,
    "outputs/sds/A_castle_next_to_a_river.png": 0.27508100867271423,
    "outputs/sds/A_car_on_the_road.png": 0.27941638231277466,
    "outputs/sds/a_boat_in_a_river.png": 0.2750564217567444,
    "outputs/sds/A_dog_sitting_on_grass.png": 0.27058136463165283,
    "outputs/sds/A_villa_close_to_the_pool.png": 0.2806076407432556,
    "outputs/sds/A_cabin_surrounded_by_forests.png": 0.277148962020874,
    "score": 0.2930514246225357
}